{"USD_PHP":52.867986,"PHP_USD":0.018911,"UAH_PHP":1.947105,"USD_RUB":64.353503,"RUB_PHP":0.821451,"EUR_RUB":73.112489}